"V1","V2"
-23.4930439974985,-4.6135695467082e-07
-23.4952188070247,-4.61715464220398e-07
-23.4920953723259,-4.61198807610735e-07
-23.4952668029222,-4.61724534825454e-07
-23.4849674331741,-4.60021967117203e-07
-23.4833409742598,-4.59751915568952e-07
-23.4922343573718,-4.61223137269861e-07
-23.4938849557179,-4.61495973162051e-07
-23.4883425414933,-4.60579723535128e-07
-23.4951182249284,-4.61699857678453e-07
-23.4952300748191,-4.6171834050531e-07
-23.4953139605047,-4.61732222001448e-07
-23.4953360672243,-4.61735855512225e-07
-23.4933135905418,-4.61401516706798e-07
-23.495321048461,-4.61733370106416e-07
-23.4899798129941,-4.60850390402315e-07
-23.4950481119337,-4.61688267688487e-07
-23.4926003421837,-4.61283611218932e-07
-23.4954166321795,-4.61749187257735e-07
-23.4900498964797,-4.60861946676994e-07
-23.4955105189983,-4.61764680992722e-07
-23.4931282801385,-4.61370870416872e-07
-23.4950239054113,-4.61684261506196e-07
-23.4950610502287,-4.61690402156371e-07
-23.4925615262734,-4.61277185127541e-07
-23.4934596777233,-4.61425674964992e-07
-23.4922151454427,-4.61219937509447e-07
-23.4953632090474,-4.61740352426279e-07
-23.494692102657,-4.6162939675333e-07
-23.4934534177091,-4.61424641827673e-07
-23.49502265325,-4.61684057689934e-07
-23.49502265325,-4.61684057851664e-07
-23.484822626706,-4.5999782579698e-07
-23.4951712291533,-4.61708608056267e-07
-23.4928102853945,-4.61318311709336e-07
-23.4921746816158,-4.61213282181613e-07
-23.4951328325571,-4.61702264194741e-07
-23.4950418508466,-4.61687232682143e-07
-23.4953882347874,-4.61744474088111e-07
-23.4951148847702,-4.61699308600252e-07
-23.4922894531767,-4.61232259609549e-07
-23.4952805764803,-4.61726699674733e-07
-23.4877540970087,-4.60482470437543e-07
-23.495320224636,-4.61733251899563e-07
-23.4938903661525,-4.61496860437231e-07
-23.4952108786832,-4.61715170958969e-07
-23.4955313893812,-4.61768139117415e-07
-23.4950259918337,-4.61684615523278e-07
-23.4951453480881,-4.61704326376519e-07
-23.4954303975469,-4.61751454844894e-07
-23.4951207274253,-4.61700276141372e-07
-23.49502265325,-4.61684058445672e-07
-23.4932275931771,-4.61387250107736e-07
-23.4953786529194,-4.61742912618813e-07
-23.4938073045158,-4.61483120034037e-07
-23.4955380569432,-4.61769234058708e-07
-23.4924033761754,-4.61251074050809e-07
-23.4957471356614,-4.61803782292684e-07
-23.4886167140135,-4.60625019553718e-07
-23.4953615203029,-4.61740053262105e-07
-23.4922485238934,-4.61225452554092e-07
-23.4952705524685,-4.61725025945573e-07
-23.4954262176972,-4.6175075892454e-07
-23.4950280785121,-4.6168494739791e-07
-23.4933227529212,-4.61403001260835e-07
-23.4926529316674,-4.6129230543386e-07
-23.4923699580864,-4.61245496953627e-07
-23.4955405670109,-4.61769646487915e-07
-23.4950280789128,-4.6168494779742e-07
910.453389670931,0.000290023342931594
-23.4952246399901,-4.61717443456851e-07
-23.4953439923617,-4.6173714945961e-07
-23.4952638676386,-4.61723921680744e-07
-23.4881054857729,-4.60540537500747e-07
-23.49502265325,-4.61684057870473e-07
-23.4950239054075,-4.61684261104935e-07
-23.4930214458854,-4.61353220404134e-07
-23.4939713066794,-4.61510201301797e-07
-23.4950343381153,-4.6168599270361e-07
-23.4934555010261,-4.61424993698485e-07
-23.4938911919558,-4.61496981527577e-07
-23.4953965685377,-4.61745823905448e-07
-23.4954274503495,-4.61750926475886e-07
-23.4956052621799,-4.61780359066556e-07
-23.4901008337661,-4.60870396874161e-07
-23.4938039690634,-4.61482557672237e-07
-23.4932117435303,-4.61384666135415e-07
-23.4889710860058,-4.60683663346537e-07
-23.4935806864969,-4.61445653151208e-07
-23.4943590484804,-4.61574331884899e-07
-23.4952421727542,-4.61720342790542e-07
-23.495170810124,-4.61708535804325e-07
-23.4953569417016,-4.61739319708794e-07
-23.4952004379791,-4.61713446374903e-07
-23.4951941840602,-4.61712418364979e-07
-23.4932230074122,-4.61386495166612e-07
-23.4930556621488,-4.61358858472759e-07
-23.492662519641,-4.61293878036486e-07
-23.4927163715706,-4.61302789286505e-07
-23.4950355912586,-4.61686195104659e-07
-23.4951966717901,-4.61712817671402e-07
971.824805951843,646.498985148925
-23.4952734775923,-4.61725892709984e-07
-23.4931499844033,-4.61374852566476e-07
-23.4937993902803,-4.61482194368798e-07
-23.4888892929436,-4.60670531275809e-07
-23.4952221473875,-4.61717398090654e-07
-23.4932843838781,-4.61397087842092e-07
-23.4954637857673,-4.61757350523096e-07
-23.4950335041465,-4.61686238825235e-07
-23.4927164031952,-4.613032118761e-07
-23.4934997086848,-4.6143264597546e-07
-23.4919989593075,-4.61184566379017e-07
-23.4956169397923,-4.61782643431175e-07
-23.4953757155902,-4.61742792086738e-07
-23.4923274082695,-4.61238876227703e-07
-23.4954132777674,-4.61748988624709e-07
-23.4950597923591,-4.61690572778082e-07
-23.4951950137116,-4.61712920338139e-07
-23.4953260589017,-4.61734580255307e-07
-23.4954145419956,-4.61749207857469e-07
-23.4937029791,-4.61466240799484e-07
-23.4940844336772,-4.6152932637479e-07
-23.4932718671127,-4.61395013520713e-07
-23.4951683090228,-4.61708513758513e-07
-23.4954212050316,-4.61750298919804e-07
-23.4961448564553,-4.61869881619793e-07
-23.4952976791136,-4.61729893118849e-07
-23.4953515089236,-4.61738772456599e-07
-23.4956248631823,-4.61783961398232e-07
-23.4952350850587,-4.61719550775705e-07
-23.4794320405845,-4.59106969069105e-07
-23.4920632444303,-4.61195238948872e-07
-23.4956711887672,-4.61791595034167e-07
-23.4954608563157,-4.61756873272738e-07
-23.4952171376334,-4.61716582917091e-07
-23.495176653706,-4.61709889800527e-07
-23.4934575888567,-4.61425712786463e-07
-23.495197100104,-4.61713261340027e-07
-23.487586342593,-4.60455142745654e-07
-23.4955130197036,-4.61765469313067e-07
-23.4930573248858,-4.61359487808417e-07
-23.4936762650008,-4.61461827330901e-07
-23.4927839697247,-4.61314309406177e-07
-23.4953636271795,-4.61740794771153e-07
-23.4953310707497,-4.61735413870583e-07
-23.4951900078687,-4.61712105061726e-07
-23.4941699924957,-4.61543459620781e-07
-23.4950902583107,-4.61695600935354e-07
-23.495225047132,-4.61717863813676e-07
-23.4932551554333,-4.61392202006644e-07
-23.4923169782538,-4.61237158794387e-07
910.453389670931,0.000290023344145972
-23.4952947564059,-4.61729402885006e-07
-23.4922013992547,-4.61218079671626e-07
-23.4925995214565,-4.61283853672265e-07
-23.4941215603628,-4.61535427612596e-07
-23.4883888464121,-4.60587713132694e-07
-23.4952864205233,-4.61728045389353e-07
-23.4950856330725,-4.61694791391497e-07
910.453389670931,0.000290023344222819
-23.49526304135,-4.61724157095053e-07
-23.4953076970333,-4.6173153977351e-07
-23.4927685294545,-4.61311771013491e-07
-23.4952814033147,-4.61727201592403e-07
-23.492413404795,-4.6125312570385e-07
-23.4934191843999,-4.61419356518034e-07
-23.4950714813295,-4.61692505595454e-07
-23.4950526995236,-4.61689386483154e-07
-23.4919789424054,-4.61181276801536e-07
-23.4930882436633,-4.61364662195044e-07
-23.4952121177302,-4.61715753987988e-07
-23.4921496247162,-4.61209491600848e-07
-23.4952300762308,-4.61718726905063e-07
-23.4955610229721,-4.6177341665212e-07
-23.4953131206939,-4.61732442785601e-07
-23.4935690110377,-4.61444115219504e-07
-23.4950915154323,-4.61695804397823e-07
-23.4887874463707,-4.6065366007007e-07
-23.49246887741,-4.61262243091011e-07
-23.4950226532502,-4.61684428792404e-07
-23.4953953339398,-4.61746028826503e-07
-23.4950764930509,-4.61693324528224e-07
-23.4952079554172,-4.61715078763853e-07
-23.4951307441974,-4.617023105575e-07
-23.4952517697987,-4.6172227692785e-07
-23.4954237101,-4.61750721964426e-07
-23.4952663806001,-4.6172471080302e-07
-23.4951044526519,-4.61697966658366e-07
-23.495180827106,-4.61710587125955e-07
-23.4951587041302,-4.61706896042693e-07
-23.4900277692557,-4.60858668441139e-07
-23.4890658081731,-4.60699661466781e-07
-23.4929563575826,-4.61342864107813e-07
-23.4951666380588,-4.61708233594925e-07
-23.4950259920982,-4.61684980967425e-07
-23.4951904172515,-4.61712144484302e-07
-23.4950493628823,-4.61688850489031e-07
-23.495414531404,-4.61749197548629e-07
-23.4954575091522,-4.6175630193262e-07
-23.4952651273937,-4.61724504500373e-07
-23.4921007980526,-4.61201425518721e-07
-23.4921271102782,-4.61205798457569e-07
-23.4910736337607,-4.61031527723276e-07
-23.4922698087101,-4.61229324498941e-07
-23.4931090718193,-4.61368051005484e-07
-23.4927505735577,-4.61308773466843e-07
-23.4941770533203,-4.61544589740375e-07
-23.4931178360958,-4.61369486378203e-07
-23.4897627345006,-4.6081479085599e-07
-23.4922080387543,-4.61219101096422e-07
-23.4931403740388,-4.61373220963208e-07
-23.4951219737275,-4.61700854482236e-07
-23.4893007524757,-4.60738451269152e-07
-23.4896312847422,-4.60793085412209e-07
-23.4955368070508,-4.61769404515138e-07
-23.4953339895543,-4.61735885947451e-07
-23.4953306538019,-4.61735352517923e-07
-23.4936549894008,-4.61458337840748e-07
-23.495237586859,-4.61719965930492e-07
-23.495311861033,-4.6173225659775e-07
-23.4918107520394,-4.61153483512521e-07
-23.4956574269961,-4.61789349327023e-07
-23.4951073710967,-4.61698449461631e-07
-23.495535143526,-4.61769122328817e-07
-23.4953022695246,-4.61730643977414e-07
-23.4847762225956,-4.59990450269324e-07
-23.4896396222008,-4.60794456366349e-07
-23.4830296080919,-4.59701676872968e-07
-23.4952325675275,-4.61719107619956e-07
-23.4951077904014,-4.61698495859112e-07
-23.4928545025242,-4.6132596910557e-07
-23.4952976866321,-4.61729901981419e-07
-23.4933165338129,-4.61402397261251e-07
-23.4932030059935,-4.61383616128561e-07
-23.4931278547086,-4.61371148580555e-07
-23.4955539119719,-4.6177224176754e-07
-23.4898191283839,-4.60824231590983e-07
-23.4952667996587,-4.61724773319177e-07
-23.4952555271613,-4.6172291176758e-07
-23.4952300769198,-4.61718724858663e-07
-23.4920903726689,-4.61199701495373e-07
-23.4955843876724,-4.61777286149957e-07
-23.487938987023,-4.60513400695011e-07
-23.4828781599787,-4.59676745356384e-07
-23.4933423672142,-4.61406614104511e-07
-23.4932376417361,-4.61389348709453e-07
-23.4953957595739,-4.61746114399996e-07
-23.4930068418424,-4.61351174326352e-07
-23.4921796616164,-4.61214434765845e-07
-23.4941228173262,-4.61535666016624e-07
-23.4922176369762,-4.61220719117898e-07
-23.4885478353418,-4.60613998560985e-07
-23.4953022646816,-4.61730637794272e-07
-23.495035591227,-4.61686567437393e-07
-23.4901788858058,-4.60883679483793e-07
-23.4941937672005,-4.61547365227721e-07
-23.4951929341533,-4.61712589133845e-07
-23.4952826612775,-4.61727422384596e-07
-23.4954274763147,-4.61751355214594e-07
-23.4887235637333,-4.60643054173466e-07
-23.4952421769836,-4.61720721833509e-07
-23.495271802373,-4.61725629202068e-07
-23.4950239053964,-4.61684635999293e-07
-23.4952847438609,-4.61727745130642e-07
-23.4922802383845,-4.61231069952131e-07
-23.4950627084862,-4.61691047756889e-07
-23.4924021174138,-4.61251240657865e-07
-23.4951011116197,-4.61697388086928e-07
-23.4932931473213,-4.61398511126527e-07
-23.4957492466348,-4.61804542212754e-07
-23.4951290740409,-4.61702007038396e-07
-23.4926775612092,-4.61296749080807e-07
-23.4880416515097,-4.60530375602089e-07
-23.4922305864455,-4.6122287981982e-07
-23.4954946657053,-4.6176245596007e-07
-23.4950656389105,-4.6169153652315e-07
-23.4931512292623,-4.61375028401693e-07
-23.4923370382724,-4.61240483829206e-07
-23.4951278253656,-4.61701817772393e-07
-23.4924622316819,-4.61261198256598e-07
-23.4825651181299,-4.59624917957351e-07
-23.4952246509135,-4.61717812781628e-07
-23.495157452592,-4.61706706746257e-07
-23.4935377205149,-4.61438966961985e-07
-23.490469777953,-4.60931761041942e-07
-23.4893550349908,-4.60747495790462e-07
-23.4953415074456,-4.61737120344807e-07
-23.492899182372,-4.61333410046035e-07
-23.4889443310097,-4.60679557372216e-07
-23.4950827530517,-4.61694377714321e-07
-23.4953398389307,-4.61736855739489e-07
-23.4952129649063,-4.61715900270769e-07
-23.4929371580975,-4.61339671239072e-07
-23.4950773264728,-4.6169346101714e-07
-23.493873243806,-4.61494380386776e-07
-23.4955551840749,-4.61772462312903e-07
-23.4954549888768,-4.61755869395125e-07
-23.4925886848272,-4.61282081222297e-07
-23.4953097849741,-4.61731883976398e-07
-23.4943786459984,-4.61577939224412e-07
-23.4952467694215,-4.6172147220117e-07
-23.4951879192621,-4.61711756150061e-07
-23.4958589976673,-4.61822695933809e-07
-23.4926504303263,-4.61292244964418e-07
-23.4929538306197,-4.61342391101352e-07
-23.4952596918501,-4.61723583247013e-07
-23.4952242319142,-4.6171775409299e-07
-23.4952142176538,-4.61716080210744e-07
-23.49255821561,-4.61277047523196e-07
-23.4955564321385,-4.61772656175336e-07
-23.4955334719854,-4.61768847316489e-07
-23.4950301655582,-4.61685682953818e-07
-23.4962012174067,-4.618792580515e-07
-23.4925623764114,-4.61277710411461e-07
-23.4935890436908,-4.61447428278427e-07
-23.4952150522257,-4.61716247934698e-07
-23.4882144052191,-4.60558889508174e-07
-23.4950501974119,-4.61688988703165e-07
-23.4929734475929,-4.61345635546373e-07
-23.4950322519622,-4.61685997176253e-07
-23.4951616246567,-4.61707405624443e-07
-23.4897957622183,-4.60820354499477e-07
-23.4953427487934,-4.61737353335979e-07
-23.4951699755855,-4.61708781557588e-07
-23.4950293311069,-4.61685544700484e-07
-23.4950372583894,-4.61686843306368e-07
-23.4950259921191,-4.61684978649145e-07
-23.4950272444512,-4.61685203525421e-07
-23.4923341032717,-4.61239982754264e-07
-23.49523717139,-4.61719868741693e-07
-23.4952225639826,-4.61717478216626e-07
-23.4950635494353,-4.61691192229392e-07
-23.4919000692896,-4.61168253470048e-07
-23.4918090831545,-4.61153195129657e-07
-23.4950493614878,-4.61688853646201e-07
971.824857744253,646.49927517178
-23.4956098424885,-4.61781840012979e-07
-23.4953970142576,-4.61746655151359e-07
-23.4826247881187,-4.5963517291342e-07
-23.49237953154,-4.61247805898501e-07
-23.4923127951377,-4.61236809065483e-07
-23.4952638798224,-4.61724698237687e-07
-23.4945168031872,-4.61601122886242e-07
-23.4950226532503,-4.61684783693745e-07
-23.4923824573601,-4.61248257313636e-07
-23.4950673071393,-4.61692178024141e-07
-23.4950239053986,-4.61684969215771e-07
-23.4898387233198,-4.60827765871853e-07
-23.4950364256472,-4.61687096121024e-07
-23.494982556622,-4.61678093855853e-07
-23.4922927844139,-4.61233515409235e-07
-23.495054371809,-4.61689997980656e-07
-23.4920565384161,-4.61194448398182e-07
-23.4921475223529,-4.61209460005928e-07
-23.4950610504363,-4.61691117229427e-07
-23.4953481826652,-4.61738585421525e-07
-23.493571941538,-4.61444938930526e-07
-23.4934534177094,-4.61425345444974e-07
-23.4952839011472,-4.61727953549729e-07
-23.4953548448719,-4.61739674434966e-07
-23.495275136532,-4.6172651631859e-07
-23.4953928189272,-4.61745912058124e-07
-23.4953143627953,-4.61732952231361e-07
-23.4892965555238,-4.60738093023626e-07
-23.4951987681032,-4.61713868444214e-07
-23.4953202181797,-4.61733994877764e-07
-23.4925256549258,-4.61272032456157e-07
-23.4931892042653,-4.61381625487545e-07
-23.493950864281,-4.61507553047365e-07
-23.4950405993481,-4.61687769533076e-07
-23.4950860866968,-4.61695270695745e-07
-23.492189698176,-4.61216485435322e-07
-23.4954754687229,-4.61759612059589e-07
-23.4926228987107,-4.61288081067966e-07
-23.4952914120945,-4.61729186994333e-07
-23.4953393961139,-4.61737097517678e-07
-23.4936336607309,-4.61455140587233e-07
-23.4885290746675,-4.60611256409514e-07
-23.4924993281455,-4.61267579957115e-07
-23.4940986095696,-4.61531953243453e-07
-23.4952413452473,-4.6172095242989e-07
-23.4926713150312,-4.61296083420001e-07
-23.4934801286187,-4.61429772021423e-07
-23.489668481143,-4.60799654977739e-07
-23.4952133829043,-4.61716298237877e-07
-23.4953673747594,-4.61741752331267e-07
-23.4950343395904,-4.61686716183134e-07
-23.4950485297923,-4.61689071684901e-07
-23.4882848979449,-4.60570828157927e-07
-23.4947897472916,-4.61646229150171e-07
-23.4942108695723,-4.61550546021889e-07
-23.4928983431323,-4.6133361376192e-07
-23.4955464123175,-4.61771356948321e-07
-23.4953882386091,-4.61745190657136e-07
-23.4952204780532,-4.61717490769352e-07
-23.4953556970413,-4.61739827744148e-07
-23.4951724817609,-4.61709539125177e-07
-23.4894272015862,-4.60759690642727e-07
-23.4930794415902,-4.61363500787167e-07
-23.4953506761769,-4.61739000435332e-07
-23.4950468586133,-4.61688775441501e-07
-23.4931946282074,-4.61382580699067e-07
-23.4921533881326,-4.61210488961358e-07
-23.4952621980656,-4.61724362906087e-07
-23.4937213503511,-4.61469664108102e-07
-23.4928828766901,-4.61331012383224e-07
-23.4938119056959,-4.6148457623007e-07
-23.4951633005386,-4.61708056855793e-07
-23.4924764013001,-4.61263841723502e-07
-23.4952421807735,-4.61721069020755e-07
-23.4952818286462,-4.61727589529048e-07
-23.4928228154686,-4.61321145744889e-07
-23.4951699768924,-4.61709107704418e-07
-23.4953769777079,-4.61743358805244e-07
-23.4959236786738,-4.61833709597291e-07
-23.4952951766356,-4.61729849109008e-07
-23.4952346667812,-4.61719828298656e-07
-23.4953748917534,-4.61742964028743e-07
-23.4950376772156,-4.61687260779675e-07
-23.4955155275205,-4.61766234375037e-07
-23.4940944299111,-4.615312819095e-07
-23.4955205355529,-4.6176708583929e-07
-23.4935686067637,-4.61444412166688e-07
-23.4954608610922,-4.6175725751517e-07
-23.495673282919,-4.61792329866206e-07
-23.4951411780875,-4.6170437404587e-07
-23.4912264049009,-4.61057172158126e-07
-23.4922660649493,-4.6122908085431e-07
-23.4950301657066,-4.616860451604e-07
-23.4952100374814,-4.61715746123438e-07
-23.4954858900911,-4.61761310016143e-07
-23.493256802141,-4.6139277560905e-07
-23.4952784825387,-4.61727093746861e-07
-23.4952417480335,-4.61720993404182e-07
-23.4955338943366,-4.61769303819133e-07
-23.4956912206452,-4.61795249175584e-07
-23.4921141598905,-4.61203991063948e-07
-23.4936958898585,-4.61465433899391e-07
-23.4930619366564,-4.61360632496441e-07
-23.4951044542684,-4.61698300600812e-07
-23.4928787305821,-4.61330397314831e-07
-23.4932250894052,-4.61387553132056e-07
-23.4897089232432,-4.60806324612462e-07
-23.4883429898355,-4.60580542563028e-07
-23.49526012609,-4.61724040321114e-07
-23.4951620436273,-4.61707794946126e-07
-23.4946027634804,-4.61615324887545e-07
-23.4933415339546,-4.61406838149368e-07
-23.4950226532503,-4.61684779641886e-07
-23.4929225352101,-4.61337593089027e-07
-23.4918529077429,-4.61160813706303e-07
-23.4959282642152,-4.61834447056607e-07
-23.4952438471555,-4.61721354045519e-07
-23.4918958795443,-4.61167927618362e-07
-23.4951754027003,-4.61710006105298e-07
-23.49537238803,-4.61742612220659e-07
-23.4924162979313,-4.61253866618715e-07
-23.4950226532503,-4.61684775663807e-07
-23.4919109158887,-4.6117040673673e-07
-23.4951624465839,-4.61707829815687e-07
-23.4951040355904,-4.61698264464939e-07
-23.4950293309273,-4.61685931822651e-07
-23.4925444149329,-4.6127507852792e-07
-23.4925223105216,-4.61271453917646e-07
-23.495307286377,-4.61731813288964e-07
-23.4951249024482,-4.61701700948063e-07
-23.4923036056825,-4.61235234172137e-07
-23.495263454774,-4.61724558986938e-07
-23.4953907507798,-4.61745643993169e-07
-23.4937563921177,-4.61475451394339e-07
-23.4923620556699,-4.61244965538716e-07
-23.4952075364406,-4.61715310704387e-07
-23.4937789064419,-4.61479154301749e-07
-23.4954679494162,-4.61758345007218e-07
-23.4942684498559,-4.61560039771677e-07
-23.4933064711519,-4.61401029200237e-07
-23.4933436149707,-4.61407149015576e-07
-23.4892502510983,-4.60730474264969e-07
-23.4953047745933,-4.61731428018985e-07
-23.4938181650052,-4.61485650464828e-07
-23.4919501281324,-4.61176843161586e-07
-23.4933227529215,-4.61403720165708e-07
-23.4887319054025,-4.60644743858534e-07
-23.4951065373995,-4.61698628205951e-07
-23.4952488535812,-4.61722193884806e-07
-23.4952025303199,-4.61714495537328e-07
-23.494091931807,-4.6153089251596e-07
-23.4947739046841,-4.61643653174319e-07
-23.4953536008952,-4.61739509424361e-07
-23.4953857447536,-4.61744799679951e-07
-23.4943302542406,-4.61570307102935e-07
-23.495423729207,-4.61751110396615e-07
-23.48900944087,-4.60690669019141e-07
-23.4929196318154,-4.61337126801399e-07
-23.4951541153995,-4.617064989102e-07
-23.4946854277153,-4.61628994613745e-07
-23.4921433630484,-4.61208812191263e-07
-23.4939187516714,-4.61502283469466e-07
-23.4951165536668,-4.6170030294422e-07
-23.4954871514996,-4.61761569640555e-07
-23.4955347321003,-4.61769417360881e-07
-23.4953248130713,-4.61734743730934e-07
-23.4924246331978,-4.61255277041162e-07
-23.4952559474503,-4.61723316099464e-07
-23.495047276767,-4.6168884599845e-07
-23.4882298135335,-4.60561768023194e-07
-23.4954579282387,-4.61756723094666e-07
-23.4941699770207,-4.61543826611682e-07
-23.4951244873303,-4.61701602768565e-07
-23.4958543923974,-4.61822217715699e-07
-23.4951916755951,-4.61712700930621e-07
-23.4933315173555,-4.61405144101064e-07
-23.4887122888638,-4.60641513496636e-07
-23.4952413289224,-4.61720918516679e-07
-23.4942872275862,-4.6156310511953e-07
-23.4952000121885,-4.61714062037354e-07
-23.4890469963387,-4.60696847265501e-07
-23.4952592898422,-4.61723893910921e-07
-23.4957404676485,-4.61803428736304e-07
-23.4934534177094,-4.61425353500039e-07
-23.4938106287147,-4.61484366967564e-07
-23.4931700228466,-4.6137850375075e-07
-23.4926762819124,-4.61296840966562e-07
-23.4951440964035,-4.61704817274165e-07
-23.49512489438,-4.61701695656367e-07
-23.4951349202923,-4.61703330577163e-07
-23.4929659486796,-4.61344762184092e-07
-23.4929371190147,-4.61339941384968e-07
-23.4939563165346,-4.61508494416847e-07
-23.4952864142355,-4.61728432821499e-07
-23.4952450895225,-4.61721578286774e-07
-23.4951536972373,-4.61706466600717e-07
-23.4940727464237,-4.61527760100156e-07
-23.4953001847882,-4.61730672015883e-07
-23.4893562974039,-4.60748040724121e-07
-23.4935226997183,-4.61436804650073e-07
-23.4953152137405,-4.6173312682392e-07
-23.4953398306964,-4.61737212417448e-07
-23.4951666380588,-4.61708579046076e-07
-23.4954015906971,-4.61747415038503e-07
-23.4897122379102,-4.60806809083348e-07
-23.4929041491651,-4.61334534598628e-07
-23.4931841979579,-4.6138084417893e-07
910.453389670931,0.000290023343362327
-23.4952914180231,-4.61729203156439e-07
-23.4940447489228,-4.6152307050481e-07
-23.49537530641,-4.61743096830135e-07
-23.4950660576754,-4.61691945823467e-07
-23.495238409285,-4.61720437986837e-07
-23.4935022019936,-4.6143337994427e-07
-23.4940472717857,-4.61523496881434e-07
-23.4940672990351,-4.61526793141697e-07
-23.4886984774374,-4.60639186934348e-07
-23.4953903340799,-4.61745585135881e-07
910.453389670931,0.000290023343284897
-23.4936028281937,-4.61450027419403e-07
-23.4951236524855,-4.61701475242324e-07
-23.4950380955057,-4.61687349467791e-07
-23.4931124211066,-4.61368987805997e-07
-23.4952413409179,-4.61720937539927e-07
-23.4924651457434,-4.61262033044377e-07
-23.4939233488815,-4.61503021839809e-07
-23.4919981443497,-4.61184819928744e-07
-23.4935389406091,-4.61439437831297e-07
-23.4934534177095,-4.61425355235571e-07
-23.491799063562,-4.61151937138792e-07
-23.4952400869321,-4.61720719094066e-07
-23.4955752074518,-4.61776100053949e-07
-23.4953978407103,-4.61746817399615e-07
-23.4954975806602,-4.61763267885479e-07
-23.4950890117304,-4.61695770536381e-07
-23.4932735292803,-4.61395639282368e-07
-23.4950497805063,-4.61689265872519e-07
-23.4951390936611,-4.61704022113267e-07
-23.4934968216839,-4.61432540317826e-07
-23.4953306445827,-4.61735727234634e-07
-23.4938736657122,-4.61494835064255e-07
-23.4950435159801,-4.61688216752118e-07
-23.4937467738168,-4.61473812408718e-07
-23.4951269836795,-4.61702024984101e-07
-23.4951578721638,-4.61707140831957e-07
-23.493575678846,-4.61445551215592e-07
-23.4939416897671,-4.61506061767231e-07
-23.4950226532504,-4.61684779617491e-07
-23.4950239053983,-4.61684970972172e-07
-23.4950226532504,-4.61684779702869e-07
-23.4950969385808,-4.61697069659127e-07
-23.495467946844,-4.6175833372374e-07
-23.495434979941,-4.61752949507563e-07
-23.4952734745172,-4.61726231616841e-07
-23.4957120895569,-4.61798731008189e-07
-23.4950239054054,-4.61684971474358e-07
-23.4826247881189,-4.59635174744237e-07
-23.4932109187935,-4.61385285077184e-07
910.453389670931,0.000290023343287214
-23.495097774751,-4.61697219259235e-07
-23.4952430007306,-4.6172120452665e-07
-23.4920244412851,-4.61189160090476e-07
-23.4952242341794,-4.6171811051076e-07
-23.4953698861621,-4.61742165108732e-07
-23.492572814036,-4.61279818907967e-07
-23.4933594813763,-4.61409786580003e-07
-23.4953185474544,-4.61733680601785e-07
-23.4953210590868,-4.61734106083991e-07
-23.4931888133271,-4.61381642115863e-07
-23.4952601232107,-4.61724028432213e-07
-23.4950522829406,-4.61689702737193e-07
-23.4927789804942,-4.61313852800282e-07
-23.4940610646362,-4.6152578191716e-07
-23.4933227529217,-4.61403718055076e-07
-23.4950848367464,-4.61695042933891e-07
-23.4925444431831,-4.61275131607578e-07
-23.4950618846746,-4.61691251296813e-07
-23.4950748234593,-4.61693434580988e-07
-23.495033086169,-4.61686536754847e-07
-23.495112800074,-4.61699654813725e-07
-23.49206199598,-4.61195362006183e-07
-23.4933820328348,-4.61413550152785e-07
-23.4950301655533,-4.61686046220462e-07
-23.4944070170816,-4.6158292672052e-07
-23.4919547246017,-4.61177617330832e-07
910.453389670931,0.000290023343269339
-23.4937747392185,-4.61478451405483e-07
-23.4931407906683,-4.61373636796401e-07
-23.4950226532505,-4.61684779459895e-07
-23.4925323050255,-4.6127308041552e-07
-23.4938707645114,-4.61494344737065e-07
-23.4898725016204,-4.60833280260376e-07
-23.4952930789307,-4.61729432000213e-07
-23.4922568739291,-4.61227562446001e-07
-23.4933444532799,-4.61407317073771e-07
-23.4922118002471,-4.61220111064955e-07
-23.4922309985351,-4.61223276671763e-07
-23.4921333363308,-4.61207117687664e-07
-23.4922598071215,-4.61228047400092e-07
-23.4952668001174,-4.61725147507281e-07
-23.4954187061152,-4.61750217881693e-07
-23.4937109154002,-4.61467913052372e-07
-23.4934680251592,-4.61427777740406e-07
-23.4945447784403,-4.61605760074335e-07
-23.4930836343703,-4.61364257771384e-07
-23.4954942372204,-4.61762746478986e-07
-23.4951607802745,-4.61707574426511e-07
-23.4953298175117,-4.6173549617443e-07
-23.4926537842189,-4.61293142883809e-07
-23.4927756471298,-4.61313343854358e-07
-23.4955217959271,-4.6176729796224e-07
-23.4934459035171,-4.61424141758996e-07
-23.4952521878865,-4.61722692613592e-07
-23.4953381652573,-4.61736982956934e-07
-23.4933302931912,-4.61405002337703e-07
-23.4930130950978,-4.61352580430683e-07
-23.4950226532505,-4.61684779432357e-07
-23.4954934090822,-4.61762579445029e-07
-23.4923378586722,-4.61240965770642e-07
-23.4935715180794,-4.6144486395656e-07
-23.4939951356565,-4.61514930980149e-07
-23.4955409874086,-4.61770451214834e-07
-23.4953172931275,-4.61733480341548e-07
-23.4956599320501,-4.61790135185494e-07
-23.4953135403262,-4.61732868239389e-07
-23.495370714248,-4.61742306003352e-07
-23.4875863425934,-4.6045548689345e-07
-23.4953598628517,-4.6174050714471e-07
-23.4954546028622,-4.61756147371571e-07
-23.4953652917646,-4.61741424727221e-07
-23.4928123777058,-4.61319398094916e-07
-23.4934546697714,-4.61425550374003e-07
-23.4953122840938,-4.61732689612674e-07
-23.4952868255071,-4.61728457938187e-07
-23.4922998486911,-4.61234617401158e-07
-23.4931533135216,-4.61375740521687e-07
-23.4927777055182,-4.61313626359156e-07
-23.495226304395,-4.61718466980601e-07
-23.4950873380021,-4.61695448661236e-07
-23.4951048706393,-4.61698388491998e-07
-23.4950618787562,-4.61691241739118e-07
-23.4904384666472,-4.60926931188704e-07
-23.4937676415674,-4.61477281815568e-07
-23.4952413423341,-4.61720940311196e-07
-23.4954066135841,-4.61748252936232e-07
-23.49567870982,-4.61793229005617e-07
-23.4934208257442,-4.61419906110036e-07
-23.4933699118795,-4.61411522124019e-07
-23.4919651515554,-4.61179331429022e-07
-23.4950314176852,-4.61686245182284e-07
-23.4883667398337,-4.60584420986616e-07
-23.4950289131795,-4.61685810688795e-07
-23.4950894284739,-4.61695827819539e-07
-23.4926946581587,-4.6129986894411e-07
-23.4953573643279,-4.61740131467996e-07
-23.4955251282992,-4.61767855869911e-07
-23.4934479896447,-4.61424511383484e-07
-23.4955772891848,-4.61776419210542e-07
-23.4950418508472,-4.61687956758307e-07
-23.4940364223151,-4.61521697452714e-07
-23.4952417549039,-4.61721003843077e-07
-23.4954199684662,-4.61750487270092e-07
-23.4953686354109,-4.61742016551063e-07
-23.4953327217425,-4.61735995429392e-07
-23.4950259920375,-4.61685338379735e-07
-23.4950280789572,-4.61685697711379e-07
-23.4942638574357,-4.61559262649721e-07
-23.4919467901277,-4.6117626441138e-07
-23.4950493613433,-4.61689162855737e-07
-23.4933736644436,-4.61412139126894e-07
-23.4953139465037,-4.61732908038749e-07
-23.4899805964758,-4.60851193309746e-07
-23.4937167145965,-4.61468840441584e-07
-23.4952388302941,-4.617205111005e-07
-23.4952801554836,-4.61727314380544e-07
-23.4954070151652,-4.61748326551666e-07
-23.4931503889095,-4.61375229873873e-07
-23.4953556915837,-4.6173980587283e-07
-23.4923436814999,-4.61241896414153e-07
-23.4941883092603,-4.61546757829187e-07
-23.4931937671326,-4.61382349668068e-07
-23.4950827480331,-4.61694738872525e-07
-23.4952409257999,-4.61720864646714e-07
-23.4938857355781,-4.61496715061607e-07
-23.4953268938092,-4.61735084226645e-07
-23.4934713628064,-4.61428315840137e-07
-23.4954850649031,-4.61761211421414e-07
-23.4950693966816,-4.61692488127636e-07
-23.4931153526427,-4.61369460258444e-07
-23.4952738940508,-4.61726306760942e-07
-23.4953990916945,-4.61747017773796e-07
-23.4931170013025,-4.61369707453344e-07
-23.4950777427715,-4.61693915426636e-07
-23.4952150469555,-4.61716596262035e-07
-23.4936762811514,-4.61462208205616e-07
-23.4950489470987,-4.61689112997061e-07
-23.4950239053953,-4.61684979923932e-07
971.824864726657,-646.50057981507
-23.4932034172817,-4.61383695284283e-07
-23.4925181221992,-4.61270380179345e-07
-23.4953072645879,-4.61731441381634e-07
-23.4953402485801,-4.61736907532037e-07
-23.4918645954201,-4.61162382263607e-07
-23.4954387474825,-4.61753246093094e-07
-23.4929116900078,-4.61335444853167e-07
-23.4950318353546,-4.61685959202105e-07
-23.4952701402786,-4.61725336640057e-07
-23.4771503834387,-4.58729739613748e-07
-23.4833409742604,-4.59753212037318e-07
-23.4952242316576,-4.61717774965319e-07
-23.4952179731197,-4.61716696544703e-07
-23.4953477594814,-4.61738139683079e-07
-23.4950226532506,-4.61684427134335e-07
-23.4924705557158,-4.61262540603673e-07
-23.4930944620991,-4.61365652897286e-07
-23.4936124245346,-4.61451326353268e-07
-23.4952501070497,-4.61722023641038e-07
-23.4932146915363,-4.61385551251065e-07
-23.4923516369331,-4.61242901262313e-07
-23.4952868356296,-4.61728124033737e-07
-23.4960630741906,-4.61856396477531e-07
-23.4932664410839,-4.61394108910931e-07
-23.4928720333209,-4.6132889021494e-07
-23.4951152971916,-4.61699729751986e-07
-23.4952096265185,-4.61715325209853e-07
-23.4878946904233,-4.60506017591383e-07
-23.4935176695822,-4.61435589733024e-07
-23.4952559446063,-4.61722982166574e-07
-23.4919981392921,-4.61184477250075e-07
-23.4904351163483,-4.60926040899046e-07
-23.4933369423512,-4.6140571608159e-07
-23.4910415133738,-4.61026246528342e-07
-23.4933056588989,-4.61400570161611e-07
-23.4952880687125,-4.61728280983818e-07
-23.4944199502188,-4.61584731681907e-07
-23.4950552033251,-4.61689823368823e-07
-23.4938486306087,-4.6149030660386e-07
-23.4956265342449,-4.61784221030993e-07
-23.4954758869984,-4.61759350801644e-07
-23.4954996801198,-4.61763294402159e-07
-23.4953715548122,-4.61742127363828e-07
-23.4953623766415,-4.61740573892254e-07
-23.4954399899744,-4.61753404704238e-07
-23.4924409364537,-4.61257656172977e-07
-23.4934534177097,-4.61425004303834e-07
-23.495028079052,-4.61685358720597e-07
-23.4942822525389,-4.61562017156138e-07
-23.4953782282852,-4.61743196854348e-07
-23.4920102368391,-4.61186419778054e-07
-23.4903821557545,-4.60917306158064e-07
-23.4950510325566,-4.61689136800962e-07
-23.4923783188188,-4.61247255644907e-07
-23.4936003240257,-4.61449316152764e-07
-23.493550238567,-4.61441023023368e-07
-23.4950543720852,-4.6168967015704e-07
-23.492055286646,-4.61193880775893e-07
-23.4951119673211,-4.61699201604003e-07
-23.492523566649,-4.61271319011902e-07
-23.495056455251,-4.61690008684273e-07
-23.4950581278473,-4.61690301754638e-07
-23.4950464420884,-4.61688336652408e-07
-23.4950239053959,-4.61684640155726e-07
-23.4929876376781,-4.61347980397568e-07
-23.4952855714968,-4.61727867133654e-07
-23.4950518643899,-4.61689264877617e-07
-23.4851981631666,-4.60060183092276e-07
-23.4951457662499,-4.61704789061134e-07
-23.4941561981071,-4.61541138847267e-07
-23.4950481110448,-4.61688663060301e-07
971.824864726657,-646.50057981507
-23.4946687313705,-4.61625569332841e-07
-23.4920010440182,-4.61184565248191e-07
-23.4953085365155,-4.61731370365388e-07
-23.4928002620471,-4.61316687417207e-07
-23.4934534177098,-4.61424654737483e-07
-23.4951123795999,-4.61698905778525e-07
-23.4950556241544,-4.61689522847522e-07
-23.4925590495031,-4.61276832660818e-07
-23.4956307056699,-4.61784598713788e-07
-23.4954045221329,-4.61747194690358e-07
-23.4921145798927,-4.61203358059062e-07
-23.4951077899097,-4.6169815857618e-07
-23.4951169722387,-4.61699671178968e-07
-23.4954057731471,-4.61747436991767e-07
-23.4955163616435,-4.61765684271789e-07
-23.4930907116805,-4.61364672631951e-07
-23.4933498805482,-4.61407502150864e-07
-23.495511359075,-4.61764880091439e-07
-23.4836031184752,-4.59796250932588e-07
-23.4950710657791,-4.61692070852322e-07
-23.4954500099436,-4.61754711548971e-07
-23.4952446839184,-4.6172077418209e-07
-23.4878492075945,-4.60498137288467e-07
-23.4951678846759,-4.61708078723747e-07
-23.493506422496,-4.61433395465699e-07
-23.493615348934,-4.61451430484553e-07
-23.4950660576757,-4.61691257869241e-07
-23.4952822352732,-4.61726992159636e-07
-23.495374887881,-4.61742301381831e-07
-23.4935577547733,-4.61441908694205e-07
-23.4953047782232,-4.61730732649757e-07
-23.4930661205944,-4.61360650394388e-07
-23.4952167105911,-4.61716125066974e-07
971.824864726657,-646.50057981507
-23.4950239053945,-4.61683946134835e-07
-23.4950305834895,-4.61685026699259e-07
-23.4950585434561,-4.61689672685635e-07
-23.4950330864288,-4.61685451376709e-07
-23.4939312569792,-4.61503271389995e-07
-23.4951929264249,-4.61711845307851e-07
-23.4936053305485,-4.61449423979316e-07
-23.4950305833176,-4.61685024474682e-07
-23.4952404970964,-4.61719716309483e-07
-23.493259343487,-4.61392219523202e-07
-23.4941320021852,-4.61536471034e-07
-23.4950226532507,-4.61683722999312e-07
-23.4950293312123,-4.61684850905084e-07
-23.492877038738,-4.61329016284325e-07
-23.4923111518506,-4.6123552814471e-07
-23.4952534494525,-4.61721895284142e-07
-23.4833376377515,-4.59751942945135e-07
-23.4928169496603,-4.61319087379869e-07
-23.4950239054071,-4.61683945116624e-07
-23.4950706457692,-4.61691648999883e-07
-23.4950226532507,-4.61683723616903e-07
-23.4956444864878,-4.61786510691353e-07
-23.4934534177098,-4.6142430416486e-07
-23.4954546014587,-4.61755105303164e-07
-23.4952413390694,-4.61719863168201e-07
-23.4952150523527,-4.61715520678831e-07
-23.4934918125363,-4.61430675802403e-07
-23.4934976535463,-4.61431603137668e-07
-23.4943586348696,-4.61573960674753e-07
-23.4955439131442,-4.61769890304345e-07
-23.4944955190409,-4.6159657195e-07
-23.495415367019,-4.61748662510963e-07
-23.4957492429153,-4.61803815170508e-07
-23.4954383282177,-4.61752435721904e-07
-23.4950226532507,-4.61683725029818e-07
-23.495167890212,-4.61707727875928e-07
-23.4951983541577,-4.61712771365299e-07
-23.4954345665712,-4.61751809934166e-07
-23.495504259639,-4.61763334440104e-07
-23.4951365868059,-4.61702584166333e-07
-23.4952196433104,-4.61716280201907e-07
-23.495107374727,-4.61697737541307e-07
-23.495038513126,-4.61686369207118e-07
-23.4953461010208,-4.61737204968103e-07
-23.4883646357748,-4.60583023005955e-07
-23.4954111914636,-4.61747940411027e-07
-23.4933907778765,-4.61413900873979e-07
-23.4952592868921,-4.61722849647182e-07
-23.4950827480333,-4.61693670371979e-07
-23.4952325815126,-4.61718431410114e-07
-23.4950431035828,-4.61687113394778e-07
-23.4951474363031,-4.61704367958401e-07
-23.4950280785667,-4.61684657537951e-07
-23.4950343386143,-4.61685664074532e-07
-23.4952163043856,-4.61715740761942e-07
-23.4952442642586,-4.617203852537e-07
-23.4935335404209,-4.61437545206191e-07
-23.4953561070938,-4.61738848881574e-07
-23.4950226532507,-4.6168372503414e-07
-23.4951900100971,-4.61711373099278e-07
-23.4953911607493,-4.6174461717818e-07
-23.4952559425003,-4.61722289883358e-07
-23.4951207275158,-4.61699944782251e-07
-23.4953544330159,-4.61738563028808e-07
-23.4950656407673,-4.61690819779489e-07
-23.4950226532507,-4.61683725483765e-07
-23.4935101710899,-4.61433682159226e-07
-23.4951945987363,-4.61712168759271e-07
-23.4942622329277,-4.61558015557648e-07
-23.4953293987316,-4.61734445507236e-07
-23.4952275674002,-4.61717609753297e-07
-23.4930940751462,-4.6136490345907e-07
-23.4938515485441,-4.61490122899245e-07
-23.4942618097002,-4.61557932990932e-07
-23.4936774864649,-4.61461308069324e-07
-23.4953582006587,-4.61739187742421e-07
-23.4951678902209,-4.6170772653381e-07
-23.4956716058894,-4.61790992497714e-07
-23.4955727007838,-4.61774620313369e-07
-23.4930573248864,-4.61358809927514e-07
-23.4934617623971,-4.61425687447287e-07
-23.4951424287607,-4.61703539383803e-07
-23.4956720329527,-4.61791064066023e-07
-23.4951716299482,-4.61708341081355e-07
-23.495722108787,-4.61799335957746e-07
-23.4940669043204,-4.61525707062504e-07
-23.4954733712204,-4.61758222658966e-07
-23.4953081177021,-4.61730902734442e-07
-23.4927364083382,-4.61305774184328e-07
-23.4952196408612,-4.61716277744479e-07
-23.4895115151484,-4.60772611811693e-07
-23.4952413369216,-4.61719851936065e-07
-23.4952158866359,-4.61715680072371e-07
-23.4922932064885,-4.61232510569176e-07
-23.4952434129866,-4.61720185676987e-07
-23.4920782756025,-4.61197014239742e-07
-23.4952847387634,-4.61727055104247e-07
-23.4930681758958,-4.61360556705196e-07
-23.495539725619,-4.61769168169369e-07
-23.4930727662078,-4.613613371395e-07
-23.4951482531312,-4.61704453297959e-07
-23.4958873697236,-4.6182666271588e-07
-23.4950877597743,-4.61694518583592e-07
-23.4955359714552,-4.61768559488493e-07
-23.495305199932,-4.61730433776586e-07
-23.4951215648102,-4.61700077888469e-07
-23.4950309998016,-4.6168510029314e-07
-23.4951173784294,-4.61699346399968e-07
-23.4911112485367,-4.61037121995783e-07
-23.495359452327,-4.61739406938687e-07
-23.4953035296657,-4.61730161358858e-07
-23.4950902652848,-4.61694893237627e-07
-23.495179156917,-4.61709603513697e-07
-23.4929822305868,-4.61346432264279e-07
-23.4953657107681,-4.61740456749869e-07
-23.4950948524805,-4.61695654854292e-07
-23.4952580392978,-4.61722644223036e-07
-23.4955960750546,-4.61778498266928e-07
-23.4939867759722,-4.61512488800678e-07
-23.4953786424547,-4.61742587629677e-07
-23.4939149872088,-4.61500597143042e-07
-23.4953690530153,-4.61740992470597e-07
-23.4951303154212,-4.61701506418068e-07
-23.4921771744641,-4.61213346415807e-07
-23.4953444198458,-4.61736918573191e-07
-23.4950226532508,-4.61683724536628e-07
-23.49528683232,-4.61727398865917e-07
-23.4953114523405,-4.61731454464916e-07
-23.4952004382027,-4.61713102807101e-07
-23.4952300768192,-4.61718003933749e-07
-23.4953798979777,-4.61742776097965e-07
-23.4956086005171,-4.61780590394341e-07
-23.495336500994,-4.61735623583452e-07
-23.4954850693839,-4.61760177617859e-07
-23.493046505432,-4.61357054829138e-07
-23.4953644552699,-4.61740232013905e-07
-23.495260543994,-4.61723046013128e-07
-23.4953481839342,-4.61737539077897e-07
-23.4951015313413,-4.6169674893801e-07
-23.4954053583197,-4.61746983704299e-07
-23.4953014370499,-4.61729816654828e-07
-23.4944082741883,-4.61582112431e-07
-23.4932968688342,-4.61398368585808e-07
-23.4951411730836,-4.61703302452562e-07
-23.4959524619862,-4.61837388792166e-07
-23.4939370951064,-4.6150422799291e-07
-23.4952471735171,-4.61720842031605e-07
-23.4934817616029,-4.61428947585128e-07
-23.4953681973909,-4.61740837402182e-07
-23.4931750183859,-4.6137823047821e-07
-23.4952672049999,-4.61724158294286e-07
-23.4950543717122,-4.61688979267845e-07
-23.4958573232549,-4.61821670346e-07
-23.495059793908,-4.61689870130499e-07
-23.4952346533702,-4.61718757574425e-07
-23.4953064493766,-4.61730653241061e-07
-23.4950272443964,-4.61684475632012e-07
-23.495290585808,-4.61728008006431e-07
-23.4953903330535,-4.61744487492061e-07
-23.4935798754673,-4.61445206203161e-07
-23.4945481083164,-4.61605269926493e-07
-23.4954871503024,-4.61760481627277e-07
-23.4943081478678,-4.61565572867548e-07
-23.4954178741365,-4.61749054718501e-07
-23.4951595409335,-4.61706336678743e-07
-23.4882657781868,-4.60566739875382e-07
-23.495231742665,-4.61718285199794e-07
-23.4952668012726,-4.61724106283315e-07
-23.4954454078751,-4.61753618764518e-07
-23.495112797441,-4.61698594293577e-07
-23.4953744684319,-4.61741902090299e-07
-23.4951198875185,-4.61699777975182e-07
-23.4952981000457,-4.61729268408022e-07
-23.495329399946,-4.6173445343684e-07
-23.4924300956036,-4.61255157697283e-07
-23.4935452349072,-4.61439474579333e-07
-23.4951595405312,-4.61706331603017e-07
-23.4924229943205,-4.61253995355065e-07
-23.4953444294714,-4.617369277579e-07
-23.4950385122682,-4.61686366738301e-07
-23.4888784048532,-4.60667988026243e-07
-23.4939809292545,-4.61511508505195e-07
-23.4953498462417,-4.61737811438949e-07
-23.4954208025855,-4.61749550819191e-07
-23.4937902053112,-4.61479985115141e-07
-23.4955021735477,-4.6176296058731e-07
-23.4962024704676,-4.61878729851045e-07
-23.4972508398362,-4.62052028857165e-07
-23.4958356157222,-4.618180869932e-07
-23.495739217163,-4.61802171340274e-07
-23.4955693680305,-4.61774088243787e-07
-23.4957279568899,-4.61800318402946e-07
-23.495035591346,-4.6168588262217e-07
-23.4957204420198,-4.61799061101613e-07
-23.4942447074803,-4.61555109037597e-07
-23.4953928389506,-4.61744926023377e-07
-23.4954032759831,-4.61746652176023e-07
-23.4947576148235,-4.6163987942792e-07
-23.4938081525442,-4.61482945457409e-07
-23.495295184056,-4.61728781498862e-07
-23.495846055434,-4.61819833620818e-07
-23.4945405723172,-4.6160401077574e-07
-23.4954946590695,-4.6176174125838e-07
-23.4954195524638,-4.61749336452881e-07
-23.4956411491318,-4.61785962109281e-07
-23.4953298136485,-4.61734495378244e-07
-23.4954366562355,-4.61752153741742e-07
-23.4941991950205,-4.61547568139097e-07
-23.4940739898495,-4.61526886899172e-07
-23.4959332698733,-4.61834202441942e-07
-23.4938440320528,-4.61488847614846e-07
-23.4952918329723,-4.61728229972206e-07
-23.4956620145118,-4.61789374160425e-07
-23.4925235735064,-4.61270623567005e-07
-23.495411618811,-4.61748029754954e-07
-23.4942617965005,-4.6155792037466e-07
-23.4953223036605,-4.61733247906141e-07
910.453389670929,0.000290023342497585
-23.4953431678818,-4.61736694942342e-07
-23.495199611326,-4.6171300732079e-07
-23.492938823604,-4.61339241247325e-07
-23.4952409290116,-4.6171983216069e-07
910.45338967093,0.000290023342441494
-23.4952054505594,-4.61713980363644e-07
-23.4953310690661,-4.61734720894295e-07
-23.4953924215497,-4.61744849475827e-07
-23.4953786414612,-4.61742568440743e-07
-23.4952638792941,-4.61723593246807e-07
-23.4953665503619,-4.61740599905615e-07
-23.4926596308356,-4.61293104625501e-07
-23.4959320299376,-4.6183404810854e-07
-23.4957909634995,-4.61810706163666e-07
-23.4931240978266,-4.61369819845e-07
-23.4953498529136,-4.61737820673121e-07
-23.4946828982018,-4.61627521082021e-07
-23.495528051857,-4.61767262037176e-07
-23.4920870330397,-4.61198453665936e-07
-23.4878559482481,-4.60498988999014e-07
-23.4923499630406,-4.61241912828725e-07
910.453389670929,0.000290023342370663
910.453389670929,0.00029002334241315
910.45338967093,0.000290023342390107
-23.4928824808892,-4.61329915455855e-07
-23.4888805207299,-4.60668368537172e-07
-23.4927067778331,-4.61300850307512e-07
-23.4920486343391,-4.6119209628756e-07
-23.4771503834391,-4.5872901848568e-07
-23.4884789918995,-4.60601919666276e-07
-23.4894610412378,-4.60764341089859e-07
-23.4951979258899,-4.61712712900496e-07
-23.4933615922092,-4.61409136216013e-07
-23.4941457781317,-4.61538786739855e-07
-23.4953515233235,-4.61738084227531e-07
-23.491798654118,-4.61150772918773e-07
-23.4939658963822,-4.61508996386129e-07
-23.4925197848617,-4.61269947825103e-07
-23.4941307665943,-4.61536270627092e-07
-23.4930377198015,-4.61355574618651e-07
-23.4922493710217,-4.61225284451849e-07
-23.4951006948439,-4.61696633146623e-07
-23.4837996803887,-4.59828364330076e-07
-23.4954683728015,-4.61757382128758e-07
-23.4951094606484,-4.61698078937511e-07
-23.4917485706499,-4.61142510091444e-07
-23.4893366396161,-4.60743681816531e-07
-23.4901058364264,-4.60870880523664e-07
-23.4954045209423,-4.61746850814612e-07
-23.4924567869968,-4.61259574025757e-07
-23.4927551751641,-4.61308856170769e-07
-23.4930840472361,-4.61363234490508e-07
-23.4927551751641,-4.61308856532926e-07
-23.4930606651095,-4.61359354704399e-07
-23.4931875306319,-4.61380303170395e-07
-23.4927635216771,-4.61310229399041e-07
-23.4927551751641,-4.61308855984746e-07
-23.4938386205646,-4.6148795927886e-07
-23.4952450912529,-4.61720468559085e-07
-23.4925540235147,-4.61275622125841e-07
-23.4929838657803,-4.61346639563662e-07
-23.4953844923161,-4.61743552539821e-07
-23.488579185095,-4.60618537709496e-07
-23.4924643069136,-4.61260827259517e-07
910.453389670929,0.000290023342472009
-23.4929759710703,-4.61345418883528e-07
-23.4921053871372,-4.6120146141596e-07
-23.4922643769224,-4.61227727355618e-07
-23.4924855584747,-4.61264294490352e-07
-23.4922965071387,-4.61233034924762e-07
-23.4922915007373,-4.61232188781227e-07
-23.492297762419,-4.6123322256795e-07
-23.4923002676143,-4.61233683049705e-07
-23.4951691400976,-4.6170795110596e-07
-23.4952893341031,-4.61727829244323e-07
-23.4922961022025,-4.61232983107619e-07
-23.4891046135318,-4.60705321285166e-07
-23.4922443462895,-4.61224404531804e-07
-23.492640000413,-4.6128983365851e-07
971.824805951841,646.498985148925
-23.4894284974926,-4.60759338129191e-07
-23.4923699994564,-4.61245614550177e-07
-23.493255971207,-4.61391982853513e-07
-23.4919785204617,-4.61180899970841e-07
-23.4932539093175,-4.61391691643403e-07
-23.4923382777996,-4.61240366386706e-07
-23.4923386775419,-4.6124039404324e-07
-23.4925327470638,-4.61272470415694e-07
-23.4922948608417,-4.61233143075418e-07
-23.4933323590955,-4.61404629499053e-07
-23.4939375158562,-4.61504658774662e-07
-23.4953273118402,-4.61734455871519e-07
-23.4941057081027,-4.61532490231878e-07
-23.4953243911954,-4.61733964804664e-07
-23.495199608076,-4.61713366005631e-07
-23.4921229254461,-4.61204772284603e-07
-23.4953089533333,-4.61731457663605e-07
-23.4852561915126,-4.60069497549707e-07
-23.4918758563132,-4.61163911164506e-07
-23.4952300767831,-4.61718387013783e-07
-23.4920085735417,-4.61185864764835e-07
-23.4906029180845,-4.60953481390121e-07
-23.4918362073612,-4.61157366611962e-07
-23.4920202395591,-4.61187776452091e-07
-23.4920202395591,-4.6118777632869e-07
-23.4926792087252,-4.61296663241881e-07
-23.4881489113112,-4.60547785859708e-07
910.453389670929,0.000290023342945424
-23.4832257914968,-4.59733830070519e-07
-23.4931103633704,-4.61367991271501e-07
-23.4954024293084,-4.61746880077499e-07
910.453389670929,0.000290023343078028
-23.4951925056092,-4.61712171202162e-07
-23.4877173921552,-4.60476457571432e-07
-23.4923895921542,-4.61248789857341e-07
-23.4924906069009,-4.61265525438237e-07
-23.4922410457094,-4.61224307310651e-07
-23.491841639465,-4.6115826455856e-07
-23.4925911655148,-4.61282142537852e-07
-23.4933256925767,-4.61403559725721e-07
-23.4952651306733,-4.61724190289382e-07
-23.4840530047249,-4.59870648761286e-07
-23.4935189224146,-4.61435488886499e-07
-23.4924768196654,-4.61263244100076e-07
-23.4937113255629,-4.61467324722148e-07
-23.4936266104327,-4.61453280593705e-07
-23.4899839341293,-4.60851049910203e-07
-23.4932501387834,-4.61391031198589e-07
-23.4937238426528,-4.61469376286754e-07
-23.4922785548197,-4.61230456671767e-07
-23.4875016237574,-4.60440783709972e-07
-23.4950239053992,-4.61684319350316e-07
-23.4882310650387,-4.60561291773962e-07
-23.4939007912536,-4.61498626009647e-07
-23.4935640022065,-4.61442955537758e-07
-23.4850091623178,-4.6002871216413e-07
-23.4950239054057,-4.61684317894539e-07
-23.4826757761477,-4.59642963607666e-07
-23.4765982610022,-4.58638209432293e-07
-23.4893562974049,-4.60747373929096e-07
-23.4930431427829,-4.6135684619263e-07
-23.4924697314571,-4.61262047445723e-07
-23.4925122547409,-4.61269054347274e-07
-23.4938544757635,-4.61490971616221e-07
-23.4921058169003,-4.61201927920926e-07
-23.489764473493,-4.60814884692354e-07
-23.4932359640294,-4.61388728904704e-07
-23.4928294714975,-4.61321519722007e-07
-23.4929475922065,-4.61341085064751e-07
-23.4929371580986,-4.61339372554674e-07
-23.4922431035783,-4.61224574114418e-07
-23.4937551521666,-4.61474582337501e-07
-23.4934446513611,-4.6142323219344e-07
-23.4934446513611,-4.61423232787211e-07
-23.4934446513611,-4.61423232861409e-07
-23.4830062791696,-4.59697574385632e-07
-23.4923670602395,-4.61245126664035e-07
971.824754159423,646.498695125812
-23.4882264759128,-4.60560911464869e-07
-23.4882264759128,-4.60560911464869e-07
-23.4882264759128,-4.60560911464869e-07
-23.4920519269647,-4.61193343714024e-07
-23.493456756764,-4.61425603533926e-07
-23.4880261858713,-4.60527832213078e-07
-23.4930656723757,-4.61360903719536e-07
-23.4855461968048,-4.60117721374236e-07
-23.4922489605639,-4.61225966029431e-07
-23.4952163043009,-4.6171649512368e-07
-23.4934671905696,-4.61427344637443e-07
-23.49225020528,-4.61226128263605e-07
-23.4950368407619,-4.61686806374035e-07
-23.4894655978008,-4.6076575315751e-07
-23.4920390470741,-4.61191271829201e-07
-23.4848655646193,-4.60005330845564e-07
-23.4951002796721,-4.6169732193935e-07
-23.4930427302577,-4.61357162079966e-07
-23.4924071327169,-4.61252101654521e-07
-23.4882799478198,-4.60569822385358e-07
-23.4882799478198,-4.60569822589285e-07
-23.4919668106987,-4.61179307512354e-07
-23.4920169039344,-4.61187590848116e-07
-23.4881271878332,-4.60544541111593e-07
-23.4907756470238,-4.60982327294926e-07
-23.4846435050872,-4.59968561247656e-07
-23.4842925331639,-4.59910563445844e-07
-23.487676053135,-4.60469987676345e-07
-23.4922022183274,-4.61218247106799e-07
-23.4921930399566,-4.61216735242416e-07
-23.4897494541622,-4.60812758273087e-07
910.453389670929,0.000290023342693754
-23.4951562036018,-4.61706542295627e-07
-23.4841209303538,-4.59882091103185e-07
910.453389670929,0.000290023342680879
-23.4883429898367,-4.6058025147253e-07
-23.4900194263459,-4.60857310959861e-07
910.453389670929,0.000290023342785867
-23.4884773672337,-4.6060246156278e-07
-23.488802478114,-4.60656190690085e-07
910.453389670929,0.00029002334283717
-23.4850558478228,-4.60036726537124e-07
-23.4952142175787,-4.61716146540297e-07
-23.4922894562657,-4.61232678435226e-07
-23.48769608434,-4.60473302042074e-07
-23.4896421887004,-4.60795021181493e-07
-23.4895277844695,-4.60776027635212e-07
971.824864726657,-646.50057981507
-23.4932288788564,-4.61387584052654e-07
-23.4932255397703,-4.61387050270233e-07
-23.4890157212903,-4.60691078298644e-07
-23.4950239054211,-4.61684342782509e-07
-23.4886960499993,-4.60638252274719e-07
-23.4950869248489,-4.61694749476204e-07
-23.4922013992562,-4.61217759784077e-07
-23.4920361275457,-4.61190448717381e-07
-23.4922710890947,-4.61229281569628e-07
-23.4925390123785,-4.61273535900241e-07
-23.4950280789651,-4.61685046995928e-07
-23.4930573248874,-4.61359215647713e-07
-23.4838213598337,-4.59832321988952e-07
-23.4952096265195,-4.61715025231452e-07
-23.4937221865191,-4.61469127786435e-07
-23.4934534177108,-4.6142469670297e-07
-23.4950226532517,-4.61684127660752e-07
-23.4950226532517,-4.61684127622852e-07
-23.4950226532517,-4.61684127622852e-07
-23.4950226532517,-4.61684127684663e-07
910.453389670929,0.000290023342519097
910.453389670929,0.000290023342474142
-23.4878559482491,-4.60499384248882e-07
910.453389670929,0.00029002334247007
910.453389670929,0.000290023342441515
910.453389670929,0.00029002334245284
-23.4922118291956,-4.61219485069562e-07
-23.4908249485791,-4.60990169233671e-07
